"","CVE","ROOTCAUSE","WEAKNESS","IMPACT","VECTOR","ATTACKER","PRODUCT","VERSION","COMPONENT"
"55","CVE-2021-44016"," ","memory corruption","execute code","specially crafted PAR files","attacker","JT2Go","All versions < V13.2.0.7","plmxmlAdapterSE70.dll library"
"56","CVE-2021-44016"," ","memory corruption","execute code","specially crafted PAR files","attacker","Solid Edge SE2021","All versions < SE2021MP9","plmxmlAdapterSE70.dll library"
"57","CVE-2021-44016"," ","memory corruption","execute code","specially crafted PAR files","attacker","Solid Edge SE2022","All versions < SE2022MP1","plmxmlAdapterSE70.dll library"
"58","CVE-2021-44016"," ","memory corruption","execute code","specially crafted PAR files","attacker","Teamcenter Visualization V13.1","All versions < V13.1.0.9","plmxmlAdapterSE70.dll library"
"59","CVE-2021-44016"," ","memory corruption","execute code","specially crafted PAR files","attacker","Teamcenter Visualization V13.2","All versions < V13.2.0.7","plmxmlAdapterSE70.dll library"
"60","CVE-2021-44016"," ","memory corruption","execute code","specially crafted PAR files","attacker","Teamcenter Visualization V13.3","All versions < V13.3.0.1","plmxmlAdapterSE70.dll library"
"61","CVE-2021-44018"," ","memory corruption","execute code","specially crafted PAR files","attacker","JT2Go","All versions < V13.2.0.7","plmxmlAdapterSE70.dll library"
"62","CVE-2021-44018"," ","memory corruption","execute code","specially crafted PAR files","attacker","Solid Edge SE2021","All versions < SE2021MP9","plmxmlAdapterSE70.dll library"
"63","CVE-2021-44018"," ","memory corruption","execute code","specially crafted PAR files","attacker","Solid Edge SE2022","All versions < SE2022MP1","plmxmlAdapterSE70.dll library"
"64","CVE-2021-44018"," ","memory corruption","execute code","specially crafted PAR files","attacker","Teamcenter Visualization V13.1","All versions < V13.1.0.9","plmxmlAdapterSE70.dll library"
"65","CVE-2021-44018"," ","memory corruption","execute code","specially crafted PAR files","attacker","Teamcenter Visualization V13.2","All versions < V13.2.0.7","plmxmlAdapterSE70.dll library"
"66","CVE-2021-44018"," ","memory corruption","execute code","specially crafted PAR files","attacker","Teamcenter Visualization V13.3","All versions < V13.3.0.1","plmxmlAdapterSE70"
"824","CVE-2021-40777","insecure handling","memory corruption","arbitrary code execution","malicious file","","Adobe Media Encoder","15.4.1 (and earlier)",""
"825","CVE-2021-40779","insecure handling","memory corruption","arbitrary code execution","malicious file","","Adobe Media Encoder","15.4.1 (and earlier)",""
"826","CVE-2021-4078","","Type confusion","potentially exploit heap corruption","crafted HTML page","remote attacker","Google Chrome","prior to 96.0.4664.93","V8"
"827","CVE-2021-40780","insecure handling","memory corruption","arbitrary code execution","malicious file","","Adobe Media Encoder","15.4.1 (and earlier)",""
"828","CVE-2021-40783","insecure handling","memory corruption","arbitrary code execution","malicious WAV file","","Adobe Premiere Rush","1.5.16 (and earlier)",""
"829","CVE-2021-40784","insecure handling","memory corruption","arbitrary code execution","malicious WAV file","","Adobe Premiere Rush","1.5.16 (and earlier)",""
"830","CVE-2021-40786","insecure handling","memory corruption","arbitrary code execution","malicious file","","Adobe Premiere Elements","20210809.daily.2242976 (and earlier)",""
"831","CVE-2021-40787","insecure handling","memory corruption","arbitrary code execution","malicious file","","Adobe Premiere Elements","20210809.daily.2242976 (and earlier)",""
"832","CVE-2021-4079","","Out of bounds write","potentially exploit heap corruption","crafted WebRTC packets","remote attacker","Google Chrome","prior to 96.0.4664.93","WebRTC"
"833","CVE-2021-40792","insecure handling","memory corruption","arbitrary code execution","malicious file","","Adobe Premiere Pro","15.4.1 (and earlier)",""
"834","CVE-2021-40793","insecure handling","memory corruption","arbitrary code execution","malicious file","","Adobe Premiere Pro","15.4.1 (and earlier)",""
"835","CVE-2021-40794","insecure handling","memory corruption","arbitrary code execution","malicious file","","Adobe Premiere Pro","15.4.1 (and earlier)",""
"836","CVE-2021-4083","race condition when users call close() and fget() simultaneously","read-after-free","crash the system or escalate privileges","","local user","Linux kernel","prior to 5.16-rc4","garbage collection for Unix domain socket file handlers"
"837","CVE-2021-4093","","out-of-bounds reads and writes","crash of the entire system | potential guest-to-host escape","malicious VMGEXIT for a string I/O instruction","KVM guest using SEV-ES","KVM","","AMD code for supporting the Secure Encrypted Virtualization-Encrypted State (SEV-ES)"
"838","CVE-2021-4099","","Use after free","potentially exploit heap corruption","crafted HTML page","remote attacker","Google Chrome","prior to 96.0.4664.110","Swiftshader"
"839","CVE-2021-4100","","Object lifecycle issue","potentially exploit heap corruption","crafted HTML page","remote attacker","Google Chrome","prior to 96.0.4664.110","ANGLE"
"840","CVE-2021-4101","","Heap buffer overflow","potentially exploit heap corruption","crafted HTML page","remote attacker","Google Chrome","prior to 96.0.4664.110","Swiftshader"
"841","CVE-2021-41017","","heap-based buffer overflow","execute arbitrary code or commands","specifically crafted HTTP requests","remote authenticated attacker","FortiWeb","6.4.1, 6.4.0, and 6.3.0 through 6.3.15","web API controllers"
"842","CVE-2021-4102","","Use after free","potentially exploit heap corruption","crafted HTML page","remote attacker","Google Chrome","prior to 96.0.4664.110","V8"
"843","CVE-2021-41027","","stack-based buffer overflow","execute unauthorized code or commands","crafted certificates loaded into the device","authenticated attacker","Fortinet FortiWeb","6.4.1 and 6.4.0",""
"844","CVE-2021-4129","","memory safety bugs","memory corruption | potentially run arbitrary code","","","Firefox, Firefox ESR, Thunderbird","Firefox < 95, Firefox ESR < 91.4.0, and Thunderbird < 91.4.0",""
"845","CVE-2021-41396","","heap-based buffer overflow","DoS attack","huge number of incoming socket connections in a short time","","Live555","through 1.08","error-handling module"
"846","CVE-2021-41458","","stack buffer overflow","denial of service","","","GPAC MP4Box","v1.1.0","src/utils/error.c:1769"
"847","CVE-2021-4156","","out-of-bounds read","crash, potentially leak memory information","specially crafted file","","libsndfile","","FLAC codec functionality"
"848","CVE-2021-41736","","heap-buffer overflow","","","","Faust","v2.35.0","function realPropagate() at propagate.cpp"
"849","CVE-2021-41752","unbounded recursive call","Stack overflow","","","","Jerryscript","before commit e1ce7dd7271288be8c0c8136eea9107df73a8ce2 on Oct 20, 2021","new opt() function"
"850","CVE-2021-41987","","heap-based buffer overflow","remote code execution","","","Mikrotik RouterOS","6.46.8, 6.47.9, and 6.47.10","SCEP Server"
"851","CVE-2021-42059","","stack-based buffer overflow","arbitrary code execution","","","Insyde InsydeH2O","Kernel 5.0 before 05.08.41, Kernel 5.1 before 05.16.41, Kernel 5.2 before 05.26.41, Kernel 5.3 before 05.35.41, and Kernel 5.4 before 05.42.20","UEFI DisplayTypeDxe DXE driver"
"852","CVE-2021-4206","integer overflow","heap-based buffer overflow","crash the QEMU process on the host | potentially execute arbitrary code","","malicious privileged guest user","QEMU","","QXL display device emulation, cursor_alloc() function"
"853","CVE-2021-4207","double fetch of guest controlled values","heap-based buffer overflow","crash the QEMU process on the host | potentially execute arbitrary code","","malicious privileged guest user","QEMU","","QXL display device emulation"
"854","CVE-2021-4214","","heap overflow","application crash, denial of service","specially crafted PNG file","","libpng","","pngimage.c program"
"855","CVE-2021-42199","","heap buffer overflow","code execution","","","swftools","through 20201222","swf_FontExtract_DefineTextCallback() in swftext.c"
"856","CVE-2021-42341","uses the direct output of strlen() to allocate strings, which does not account for the '\\0' byte","memory corruption","","","","OpenRC","before 0.44.7","checkpath"
"857","CVE-2021-42526","insecure handling","memory corruption","arbitrary code execution","malicious file","","Adobe Premiere Elements","20210809.daily.2242976 (and earlier)",""
"858","CVE-2021-42527","insecure handling","memory corruption","arbitrary code execution","malicious file","","Adobe Premiere Elements","20210809.daily.2242976 (and earlier)",""
"859","CVE-2021-42554","","SMM memory corruption","escalating privileges to SMM","","","Insyde InsydeH2O","Kernel 5.0 before 05.08.42, Kernel 5.1 before 05.16.42, Kernel 5.2 before 05.26.42, Kernel 5.3 before 05.35.42, Kernel 5.4 before 05.42.51, and Kernel 5.5 before 05.50.51","FvbServicesRuntimeDxe"
"860","CVE-2021-42585","","heap buffer overflow","","crafted dwg file","","dwgread","before 0.12.4","copy_compressed_bytes in decode_r2007.c"
"861","CVE-2021-42586","","heap buffer overflow","","crafted dwg file","","dwgread","before 0.12.4","copy_bytes in decode_r2007.c"
"862","CVE-2021-42724","insecure handling","memory corruption","arbitrary code execution","malicious file","","Adobe Bridge","11.1.1 (and earlier)",""
"863","CVE-2021-42725","insecure handling","memory corruption","arbitrary code execution","malicious M4A file","","Adobe Bridge","11.1.1 (and earlier)",""
"864","CVE-2021-42727","insecure handling","stack overflow","arbitrary code execution","crafted file","","Adobe Bridge","11.1.1 (and earlier)",""
"865","CVE-2021-42728","insecure handling","stack overflow","arbitrary code execution","crafted file","","Adobe Bridge","11.1.1 (and earlier)",""
"866","CVE-2021-42729","insecure handling","memory corruption","arbitrary code execution","malicious WAV file","","Adobe Bridge","11.1.1 (and earlier)",""
"867","CVE-2021-42730","insecure handling","memory corruption","arbitrary code execution","malicious PSD file","","Adobe Bridge","11.1.1 (and earlier)",""
"868","CVE-2021-42739","mishandles bounds checking","buffer overflow","","","","Linux kernel","through 5.14.13","firewire subsystem, avc_ca_pmt in drivers/media/firewire/firedtv-avc.c and drivers/media/firewire/firedtv-ci.c"
"869","CVE-2021-42756","","stack-based buffer overflow","arbitrary code execution","specifically crafted HTTP requests","unauthenticated remote attacker","FortiWeb","5.x all versions, 6.0.7 and below, 6.1.2 and below, 6.2.6 and below, 6.3.16 and below, 6.4 all versions","proxy daemon"
"870","CVE-2021-42757","","buffer overflow","arbitrary code execution","specially crafted command line arguments","authenticated local attacker","FortiOS","before 6.4.7 and 7.0.0 through 7.0.2","TFTP client library"
"871","CVE-2021-42781","","Heap buffer overflow","potentially crash programs using the library","","","Opensc","before 0.22.0","pkcs15-oberthur.c"
"872","CVE-2021-42782","","Stack buffer overflow","potentially crash programs using the library","","","Opensc","before 0.22.0","various places"
"873","CVE-2021-40777","insecure handling","memory corruption","arbitrary code execution","malicious file","","Adobe Media Encoder","15.4.1 (and earlier)",""
"874","CVE-2021-40779","insecure handling","memory corruption","arbitrary code execution","malicious file","","Adobe Media Encoder","15.4.1 (and earlier)",""
"875","CVE-2021-4078","","Type confusion","potentially exploit heap corruption","crafted HTML page","remote attacker","Google Chrome","prior to 96.0.4664.93","V8"
"876","CVE-2021-40780","insecure handling","memory corruption","arbitrary code execution","malicious file","","Adobe Media Encoder","15.4.1 (and earlier)",""
"877","CVE-2021-40783","insecure handling","memory corruption","arbitrary code execution","malicious WAV file","","Adobe Premiere Rush","1.5.16 (and earlier)",""
"878","CVE-2021-40784","insecure handling","memory corruption","arbitrary code execution","malicious WAV file","","Adobe Premiere Rush","1.5.16 (and earlier)",""
"879","CVE-2021-40786","insecure handling","memory corruption","arbitrary code execution","malicious file","","Adobe Premiere Elements","20210809.daily.2242976 (and earlier)",""
"880","CVE-2021-40787","insecure handling","memory corruption","arbitrary code execution","malicious file","","Adobe Premiere Elements","20210809.daily.2242976 (and earlier)",""
"881","CVE-2021-4079","","Out of bounds write","potentially exploit heap corruption","crafted WebRTC packets","remote attacker","Google Chrome","prior to 96.0.4664.93","WebRTC"
"882","CVE-2021-40792","insecure handling","memory corruption","arbitrary code execution","malicious file","","Adobe Premiere Pro","15.4.1 (and earlier)",""
"883","CVE-2021-40793","insecure handling","memory corruption","arbitrary code execution","malicious file","","Adobe Premiere Pro","15.4.1 (and earlier)",""
"884","CVE-2021-40794","insecure handling","memory corruption","arbitrary code execution","malicious file","","Adobe Premiere Pro","15.4.1 (and earlier)",""
"885","CVE-2021-4083","race condition when users call close() and fget() simultaneously","read-after-free","crash the system or escalate privileges","","local user","Linux kernel","prior to 5.16-rc4","garbage collection for Unix domain socket file handlers"
"886","CVE-2021-4093","","out-of-bounds reads and writes","crash of the entire system | potential guest-to-host escape","malicious VMGEXIT for a string I/O instruction","KVM guest using SEV-ES","KVM","","AMD code for supporting the Secure Encrypted Virtualization-Encrypted State (SEV-ES)"
"887","CVE-2021-4099","","Use after free","potentially exploit heap corruption","crafted HTML page","remote attacker","Google Chrome","prior to 96.0.4664.110","Swiftshader"
"888","CVE-2021-4100","","Object lifecycle issue","potentially exploit heap corruption","crafted HTML page","remote attacker","Google Chrome","prior to 96.0.4664.110","ANGLE"
"889","CVE-2021-4101","","Heap buffer overflow","potentially exploit heap corruption","crafted HTML page","remote attacker","Google Chrome","prior to 96.0.4664.110","Swiftshader"
"890","CVE-2021-41017","","heap-based buffer overflow","execute arbitrary code or commands","specifically crafted HTTP requests","remote authenticated attacker","FortiWeb","6.4.1, 6.4.0, and 6.3.0 through 6.3.15","web API controllers"
"891","CVE-2021-4102","","Use after free","potentially exploit heap corruption","crafted HTML page","remote attacker","Google Chrome","prior to 96.0.4664.110","V8"
"892","CVE-2021-41027","","stack-based buffer overflow","execute unauthorized code or commands","crafted certificates loaded into the device","authenticated attacker","Fortinet FortiWeb","6.4.1 and 6.4.0",""
"893","CVE-2021-4129","","memory safety bugs","memory corruption | potentially run arbitrary code","","","Firefox, Firefox ESR, Thunderbird","Firefox < 95, Firefox ESR < 91.4.0, and Thunderbird < 91.4.0",""
"894","CVE-2021-41396","","heap-based buffer overflow","DoS attack","huge number of incoming socket connections in a short time","","Live555","through 1.08","error-handling module"
"895","CVE-2021-41458","","stack buffer overflow","denial of service","","","GPAC MP4Box","v1.1.0","src/utils/error.c:1769"
"896","CVE-2021-4156","","out-of-bounds read","crash | potentially leak memory information","specially crafted file","","libsndfile","","FLAC codec functionality"
"897","CVE-2021-41736","","heap-buffer overflow","","","","Faust","v2.35.0","function realPropagate() at propagate.cpp"
"898","CVE-2021-41752","unbounded recursive call","Stack overflow","","","","Jerryscript","before commit e1ce7dd7271288be8c0c8136eea9107df73a8ce2 on Oct 20, 2021","new opt() function"
"899","CVE-2021-41987","","heap-based buffer overflow","remote code execution","","","Mikrotik RouterOS","6.46.8, 6.47.9, and 6.47.10","SCEP Server"
"900","CVE-2021-42059","","stack-based buffer overflow","arbitrary code execution","","","Insyde InsydeH2O","Kernel 5.0 before 05.08.41, Kernel 5.1 before 05.16.41, Kernel 5.2 before 05.26.41, Kernel 5.3 before 05.35.41, and Kernel 5.4 before 05.42.20","UEFI DisplayTypeDxe DXE driver"
"901","CVE-2021-4206","integer overflow","heap-based buffer overflow","crash the QEMU process on the host | potentially execute arbitrary code","","malicious privileged guest user","QEMU","","QXL display device emulation, cursor_alloc() function"
"902","CVE-2021-4207","double fetch of guest controlled values","heap-based buffer overflow","crash the QEMU process on the host | potentially execute arbitrary code","","malicious privileged guest user","QEMU","","QXL display device emulation"
"903","CVE-2021-4214","","heap overflow","application crash, denial of service","specially crafted PNG file","","libpng","","pngimage.c program"
"904","CVE-2021-42199","","heap buffer overflow","code execution","","","swftools","through 20201222","swf_FontExtract_DefineTextCallback() in swftext.c"
"905","CVE-2021-42341","uses the direct output of strlen() to allocate strings, which does not account for the '\\0' byte","memory corruption","","","","OpenRC","before 0.44.7","checkpath"
"906","CVE-2021-42526","insecure handling","memory corruption","arbitrary code execution","malicious file","","Adobe Premiere Elements","20210809.daily.2242976 (and earlier)",""
"907","CVE-2021-42527","insecure handling","memory corruption","arbitrary code execution","malicious file","","Adobe Premiere Elements","20210809.daily.2242976 (and earlier)",""
"908","CVE-2021-42554","","SMM memory corruption","escalating privileges to SMM","","","Insyde InsydeH2O","Kernel 5.0 before 05.08.42, Kernel 5.1 before 05.16.42, Kernel 5.2 before 05.26.42, Kernel 5.3 before 05.35.42, Kernel 5.4 before 05.42.51, and Kernel 5.5 before 05.50.51","FvbServicesRuntimeDxe"
"909","CVE-2021-42585","","heap buffer overflow","","crafted dwg file","","dwgread","before 0.12.4","copy_compressed_bytes in decode_r2007.c"
"910","CVE-2021-42586","","heap buffer overflow","","crafted dwg file","","dwgread","before 0.12.4","copy_bytes in decode_r2007.c"
"911","CVE-2021-42724","insecure handling","memory corruption","arbitrary code execution","malicious file","","Adobe Bridge","11.1.1 (and earlier)",""
"912","CVE-2021-42725","insecure handling","memory corruption","arbitrary code execution","malicious M4A file","","Adobe Bridge","11.1.1 (and earlier)",""
"913","CVE-2021-42727","insecure handling","stack overflow","arbitrary code execution","crafted file","","Adobe Bridge","11.1.1 (and earlier)",""
"914","CVE-2021-42728","insecure handling","stack overflow","arbitrary code execution","crafted file","","Adobe Bridge","11.1.1 (and earlier)",""
"915","CVE-2021-42729","insecure handling","memory corruption","arbitrary code execution","malicious WAV file","","Adobe Bridge","11.1.1 (and earlier)",""
"916","CVE-2021-42730","insecure handling","memory corruption","arbitrary code execution","malicious PSD file","","Adobe Bridge","11.1.1 (and earlier)",""
"917","CVE-2021-42739","mishandles bounds checking","buffer overflow","","","","Linux kernel","through 5.14.13","firewire subsystem, avc_ca_pmt in drivers/media/firewire/firedtv-avc.c and drivers/media/firewire/firedtv-ci.c"
"918","CVE-2021-42756","","stack-based buffer overflow","arbitrary code execution","specifically crafted HTTP requests","unauthenticated remote attacker","FortiWeb","5.x all versions, 6.0.7 and below, 6.1.2 and below, 6.2.6 and below, 6.3.16 and below, 6.4 all versions","proxy daemon"
"919","CVE-2021-42757","","buffer overflow","arbitrary code execution","specially crafted command line arguments","authenticated local attacker","FortiOS","before 6.4.7 and 7.0.0 through 7.0.2","TFTP client library"
"920","CVE-2021-42781","","Heap buffer overflow","potentially crash programs using the library","","","Opensc","before 0.22.0","pkcs15-oberthur.c"
"921","CVE-2021-42782","","Stack buffer overflow","potentially crash programs using the library","","","Opensc","before 0.22.0","various places"
"971","CVE-2021-46238","","stack overflow","program crash, Denial of Service (DoS)","","","GPAC","v1.1.0","gf_node_get_name() function in scenegraph/base_scenegraph.c"
"972","CVE-2021-46262","","stack buffer overflow","Denial of Service (DoS)","crafted overflow data","","Tenda AC Series Router","AC11_V02.03.01.104_CN","PPPoE module"
"973","CVE-2021-46263","","stack buffer overflow","Denial of Service (DoS)","crafted overflow data","","Tenda AC Series Router","AC11_V02.03.01.104_CN","wifiTime module"
"974","CVE-2021-46264","","stack buffer overflow","Denial of Service (DoS)","crafted overflow data","","Tenda AC Series Router","AC11_V02.03.01.104_CN","onlineList module"
"975","CVE-2021-46265","","stack buffer overflow","Denial of Service (DoS)","crafted overflow data","","Tenda AC Series Router","AC11_V02.03.01.104_CN","wanBasicCfg module"
"976","CVE-2021-46321","","stack buffer overflow","Denial of Service (DoS)","crafted overflow data","","Tenda AC Series Router","AC11_V02.03.01.104_CN","wifiBasicCfg module"
"977","CVE-2021-46324","","stack buffer overflow","","","","Espruino","2v11.251","jsvNewFromString in src/jsvar.c"
"978","CVE-2021-46325","","stack buffer overflow","","","","Espruino","2v10.246","vcbprintf in src/jsutils.c"
"979","CVE-2021-46334","","stack buffer overflow","","","","Moddable SDK","v11.5.0","__interceptor_strcat"
"980","CVE-2021-46393","lack of security check on v10 variable from http request parameter startIp","stack buffer overflow","remote code execution","POSTing to /goform/SetPptpServerCfg with proper startIp","","Tenda-AX3 router","V16.03.12.10_CN","formSetPPTPServer function"
"981","CVE-2021-46394","lack of security check on v13 variable from http request parameter startIp","stack buffer overflow","remote code execution","POSTing to /goform/SetPptpServerCfg with proper startIp","","Tenda-AX3 router","V16.03.12.10_CN","formSetPPTPServer function"
"982","CVE-2021-46408","","stack buffer overflow","Denial of Service (DoS)","strcpy parameter","","Tenda AX12","v22.03.01.21","function sub_422CE4"
"983","CVE-2021-46474","","heap buffer overflow","Denial of Service (DoS)","","","Jsish","v3.5.0","jsiEvalCodeSub in src/jsiEval.c"
"984","CVE-2021-46475","","heap buffer overflow","Denial of Service (DoS)","","","Jsish","v3.5.0","jsi_ArraySliceCmd in src/jsiArray.c"
"985","CVE-2021-46477","","heap buffer overflow","Denial of Service (DoS)","","","Jsish","v3.5.0","RegExp_constructor in src/jsiRegexp.c"
"986","CVE-2021-46478","","heap buffer overflow","Denial of Service (DoS)","","","Jsish","v3.5.0","jsiClearStack in src/jsiEval.c"
"987","CVE-2021-46480","","heap buffer overflow","Denial of Service (DoS)","","","Jsish","v3.5.0","jsiValueObjDelete in src/jsiEval.c"
"988","CVE-2021-46482","","heap buffer overflow","","","","Jsish","v3.5.0","NumberConstructor at src/jsiNumber.c"
"989","CVE-2021-46483","","heap buffer overflow","","","","Jsish","v3.5.0","BooleanConstructor at src/jsiBool.c"
"990","CVE-2021-46505","","stack overflow","","","","Jsish","v3.5.0","/usr/lib/x86_64-linux-gnu/libasan.so.4+0x5b1e5"
"991","CVE-2021-46507","","stack overflow","","","","Jsish","v3.5.0","Jsi_LogMsg at src/jsiUtils.c"
"992","CVE-2021-46509","","stack overflow","","","","Cesanta MJS","v2.20.0","snquote at mjs/src/mjs_json.c"
"993","CVE-2021-46518","","heap buffer overflow","","","","Cesanta MJS","v2.20.0","mjs_disown at src/mjs_core.c"
"994","CVE-2021-46519","","heap buffer overflow","","","","Cesanta MJS","v2.20.0","mjs_array_length at src/mjs_array.c"
"995","CVE-2021-46520","","heap buffer overflow","","","","Cesanta MJS","v2.20.0","mjs_jprintf at src/mjs_util.c"
"996","CVE-2021-46522","","heap buffer overflow","","","","Cesanta MJS","v2.20.0","/usr/lib/x86_64-linux-gnu/libasan.so.4+0xaff53"
"997","CVE-2021-46523","","heap buffer overflow","","","","Cesanta MJS","v2.20.0","to_json_or_debug at mjs/src/mjs_json.c"
"998","CVE-2021-46524","","heap buffer overflow","","","","Cesanta MJS","v2.20.0","snquote at mjs/src/mjs_json.c"
"999","CVE-2021-46527","","heap buffer overflow","","","","Cesanta MJS","v2.20.0","mjs_get_cstring at src/mjs_string.c"
"1000","CVE-2021-46598","lack of proper validation of user-supplied data","memory corruption","execute arbitrary code","malicious page or file","remote attackers","Bentley MicroStation CONNECT","10.16.0.80","JT file parser"
"1001","CVE-2021-46699","","stack based buffer overflow","execute code in the context of the current process","specially crafted BDF files","","Simcenter Femap","All versions < V2022.1.1","BDF file parser"
"1002","CVE-2021-46768","Insufficient input validation","out-of-bounds memory reads","denial of service","","","SEV firmware","","ASP boot loader"
"1003","CVE-2021-46814","","out-of-bounds memory read/write","affect system availability","","","","","video framework"
"1004","CVE-2021-46822","mishandling of tjLoadImage","heap-based buffer overflow","","loading a 16-bit binary PPM file into a grayscale buffer or loading a 16-bit binary PGM file into an RGB buffer","","libjpeg-turbo","through 2.0.90","PPM reader, get_word_rgb_row function in rdppm.c"
"1005","CVE-2021-46829","","heap-based buffer overflow","code execution","compositing or clearing frames in GIF files","","GNOME GdkPixbuf","before 2.42.8","io-gif-animation.c"
"1006","CVE-2021-46848","ETYPE_OK off-by-one array size check","off-by-one array size check","","","","GNU Libtasn1","before 4.19.0","asn1_encode_simple_der"
"1007","CVE-2022-0096","","Use after free","potentially exploit heap corruption","crafted HTML page","remote attacker","Google Chrome","prior to 97.0.4692.71","Storage"
"1008","CVE-2022-0098","","Use after free","potentially exploit heap corruption","specific user gestures","","Google Chrome on Chrome OS","prior to 97.0.4692.71","Screen Capture"
"1009","CVE-2022-0099","","Use after free","potentially exploit heap corruption","specific user gesture","remote attacker","Google Chrome","prior to 97.0.4692.71","Sign-in"
"1010","CVE-2022-0100","","Heap buffer overflow","potentially exploit heap corruption","crafted HTML page","remote attacker","Google Chrome","prior to 97.0.4692.71","Media streams API"
"1011","CVE-2022-0101","","Heap buffer overflow","potentially exploit heap corruption","specific user gesture","remote attacker","Google Chrome","prior to 97.0.4692.71","Bookmarks"
"1012","CVE-2022-0102","","Type confusion","potentially exploit heap corruption","crafted HTML page","remote attacker","Google Chrome","prior to 97.0.4692.71","V8"
"1013","CVE-2022-0103","","Use after free","potentially exploit heap corruption","crafted HTML page","remote attacker","Google Chrome","prior to 97.0.4692.71","SwiftShader"
"1014","CVE-2022-0104","","Heap buffer overflow","potentially exploit heap corruption","crafted HTML page","remote attacker","Google Chrome","prior to 97.0.4692.71","ANGLE"
"1015","CVE-2022-0105","","Use after free","potentially exploit heap corruption","crafted HTML page","remote attacker","Google Chrome","prior to 97.0.4692.71","PDF Accessibility"
"1016","CVE-2022-0106","","Use after free","potentially exploit heap corruption","crafted HTML page, specific user gesture","remote attacker","Google Chrome","prior to 97.0.4692.71","Autofill"
"1017","CVE-2021-46238","","stack overflow","program crash, Denial of Service (DoS)","","","GPAC","v1.1.0","gf_node_get_name() function in scenegraph/base_scenegraph.c"
"1018","CVE-2021-46262","","stack buffer overflow","Denial of Service (DoS)","crafted overflow data","","Tenda AC Series Router","AC11_V02.03.01.104_CN","PPPoE module"
"1019","CVE-2021-46263","","stack buffer overflow","Denial of Service (DoS)","crafted overflow data","","Tenda AC Series Router","AC11_V02.03.01.104_CN","wifiTime module"
"1020","CVE-2021-46264","","stack buffer overflow","Denial of Service (DoS)","crafted overflow data","","Tenda AC Series Router","AC11_V02.03.01.104_CN","onlineList module"
"1021","CVE-2021-46265","","stack buffer overflow","Denial of Service (DoS)","crafted overflow data","","Tenda AC Series Router","AC11_V02.03.01.104_CN","wanBasicCfg module"
"1022","CVE-2021-46321","","stack buffer overflow","Denial of Service (DoS)","crafted overflow data","","Tenda AC Series Router","AC11_V02.03.01.104_CN","wifiBasicCfg module"
"1023","CVE-2021-46324","","stack buffer overflow","","","","Espruino","2v11.251","jsvNewFromString in src/jsvar.c"
"1024","CVE-2021-46325","","stack buffer overflow","","","","Espruino","2v10.246","vcbprintf in src/jsutils.c"
"1025","CVE-2021-46334","","stack buffer overflow","","","","Moddable SDK","v11.5.0","__interceptor_strcat"
"1026","CVE-2021-46393","lack of security check on v10 variable from http request parameter startIp","stack buffer overflow","remote code execution","POSTing to /goform/SetPptpServerCfg with proper startIp","","Tenda-AX3 router","V16.03.12.10_CN","formSetPPTPServer function"
"1027","CVE-2021-46394","lack of security check on v13 variable from http request parameter startIp","stack buffer overflow","remote code execution","POSTing to /goform/SetPptpServerCfg with proper startIp","","Tenda-AX3 router","V16.03.12.10_CN","formSetPPTPServer function"
"1028","CVE-2021-46408","","stack buffer overflow","Denial of Service (DoS)","strcpy parameter","","Tenda AX12","v22.03.01.21","function sub_422CE4"
"1029","CVE-2021-46474","","heap buffer overflow","Denial of Service (DoS)","","","Jsish","v3.5.0","jsiEvalCodeSub in src/jsiEval.c"
"1030","CVE-2021-46475","","heap buffer overflow","Denial of Service (DoS)","","","Jsish","v3.5.0","jsi_ArraySliceCmd in src/jsiArray.c"
"1031","CVE-2021-46477","","heap buffer overflow","Denial of Service (DoS)","","","Jsish","v3.5.0","RegExp_constructor in src/jsiRegexp.c"
"1032","CVE-2021-46478","","heap buffer overflow","Denial of Service (DoS)","","","Jsish","v3.5.0","jsiClearStack in src/jsiEval.c"
"1033","CVE-2021-46480","","heap buffer overflow","Denial of Service (DoS)","","","Jsish","v3.5.0","jsiValueObjDelete in src/jsiEval.c"
"1034","CVE-2021-46482","","heap buffer overflow","","","","Jsish","v3.5.0","NumberConstructor at src/jsiNumber.c"
"1035","CVE-2021-46483","","heap buffer overflow","","","","Jsish","v3.5.0","BooleanConstructor at src/jsiBool.c"
"1036","CVE-2021-46505","","stack overflow","","","","Jsish","v3.5.0","/usr/lib/x86_64-linux-gnu/libasan.so.4+0x5b1e5"
"1037","CVE-2021-46507","","stack overflow","","","","Jsish","v3.5.0","Jsi_LogMsg at src/jsiUtils.c"
"1038","CVE-2021-46509","","stack overflow","","","","Cesanta MJS","v2.20.0","snquote at mjs/src/mjs_json.c"
"1039","CVE-2021-46518","","heap buffer overflow","","","","Cesanta MJS","v2.20.0","mjs_disown at src/mjs_core.c"
"1040","CVE-2021-46519","","heap buffer overflow","","","","Cesanta MJS","v2.20.0","mjs_array_length at src/mjs_array.c"
"1041","CVE-2021-46520","","heap buffer overflow","","","","Cesanta MJS","v2.20.0","mjs_jprintf at src/mjs_util.c"
"1042","CVE-2021-46522","","heap buffer overflow","","","","Cesanta MJS","v2.20.0","/usr/lib/x86_64-linux-gnu/libasan.so.4+0xaff53"
"1043","CVE-2021-46523","","heap buffer overflow","","","","Cesanta MJS","v2.20.0","to_json_or_debug at mjs/src/mjs_json.c"
"1044","CVE-2021-46524","","heap buffer overflow","","","","Cesanta MJS","v2.20.0","snquote at mjs/src/mjs_json.c"
"1045","CVE-2021-46527","","heap buffer overflow","","","","Cesanta MJS","v2.20.0","mjs_get_cstring at src/mjs_string.c"
"1046","CVE-2021-46598","lack of proper validation of user-supplied data","memory corruption","execute arbitrary code","malicious page or file","remote attackers","Bentley MicroStation CONNECT","10.16.0.80","JT file parser"
"1047","CVE-2021-46699","","stack based buffer overflow","execute code in the context of the current process","specially crafted BDF files","","Simcenter Femap","All versions < V2022.1.1","BDF file parser"
"1048","CVE-2021-46768","Insufficient input validation","out-of-bounds memory reads","denial of service","","","SEV firmware","","ASP boot loader"
"1049","CVE-2021-46814","","out-of-bounds memory read/write","affect system availability","","","","","video framework"
"1050","CVE-2021-46822","mishandling of tjLoadImage","heap-based buffer overflow","","loading a 16-bit binary PPM file into a grayscale buffer or loading a 16-bit binary PGM file into an RGB buffer","","libjpeg-turbo","through 2.0.90","PPM reader, get_word_rgb_row function in rdppm.c"
"1051","CVE-2021-46829","","heap-based buffer overflow","code execution","compositing or clearing frames in GIF files","","GNOME GdkPixbuf","before 2.42.8","io-gif-animation.c"
"1052","CVE-2021-46848","ETYPE_OK off-by-one array size check","off-by-one array size check","","","","GNU Libtasn1","before 4.19.0","asn1_encode_simple_der"
"1053","CVE-2022-0096","","Use after free","potentially exploit heap corruption","crafted HTML page","remote attacker","Google Chrome","prior to 97.0.4692.71","Storage"
"1054","CVE-2022-0098","","Use after free","potentially exploit heap corruption","specific user gestures","","Google Chrome on Chrome OS","prior to 97.0.4692.71","Screen Capture"
"1055","CVE-2022-0099","","Use after free","potentially exploit heap corruption","specific user gesture","remote attacker","Google Chrome","prior to 97.0.4692.71","Sign-in"
"1056","CVE-2022-0100","","Heap buffer overflow","potentially exploit heap corruption","crafted HTML page","remote attacker","Google Chrome","prior to 97.0.4692.71","Media streams API"
"1057","CVE-2022-0101","","Heap buffer overflow","potentially exploit heap corruption","specific user gesture","remote attacker","Google Chrome","prior to 97.0.4692.71","Bookmarks"
"1058","CVE-2022-0102","","Type confusion","potentially exploit heap corruption","crafted HTML page","remote attacker","Google Chrome","prior to 97.0.4692.71","V8"
"1059","CVE-2022-0103","","Use after free","potentially exploit heap corruption","crafted HTML page","remote attacker","Google Chrome","prior to 97.0.4692.71","SwiftShader"
"1060","CVE-2022-0104","","Heap buffer overflow","potentially exploit heap corruption","crafted HTML page","remote attacker","Google Chrome","prior to 97.0.4692.71","ANGLE"
"1061","CVE-2022-0105","","Use after free","potentially exploit heap corruption","crafted HTML page","remote attacker","Google Chrome","prior to 97.0.4692.71","PDF Accessibility"
"1062","CVE-2022-0106","","Use after free","potentially exploit heap corruption","crafted HTML page, specific user gesture","remote attacker","Google Chrome","prior to 97.0.4692.71","Autofill"
"1423","CVE-2022-35456","","heap-buffer overflow","","","","OTFCC","v0.10.4","/release-x64/otfccdump+0x617087"
"1424","CVE-2022-35458","","heap-buffer overflow","","","","OTFCC","v0.10.4","/release-x64/otfccdump+0x6b05ce"
"1425","CVE-2022-35459","","heap-buffer overflow","","","","OTFCC","v0.10.4","/release-x64/otfccdump+0x6e412a"
"1426","CVE-2022-35460","","heap-buffer overflow","","","","OTFCC","v0.10.4","/release-x64/otfccdump+0x61731f"
"1427","CVE-2022-35461","","heap-buffer overflow","","","","OTFCC","v0.10.4","/release-x64/otfccdump+0x6c0a32"
"1428","CVE-2022-35462","","heap-buffer overflow","","","","OTFCC","v0.10.4","/release-x64/otfccdump+0x6c0bc3"
"1429","CVE-2022-35463","","heap-buffer overflow","","","","OTFCC","v0.10.4","/release-x64/otfccdump+0x6b0478"
"1430","CVE-2022-35464","","heap-buffer overflow","","","","OTFCC","v0.10.4","/release-x64/otfccdump+0x6171b2"
"1431","CVE-2022-35465","","heap-buffer overflow","","","","OTFCC","v0.10.4","/release-x64/otfccdump+0x6c0414"
"1432","CVE-2022-35456","","heap-buffer overflow","","","","OTFCC","v0.10.4","/release-x64/otfccdump+0x617087"
"1433","CVE-2022-35458","","heap-buffer overflow","","","","OTFCC","v0.10.4","/release-x64/otfccdump+0x6b05ce"
"1434","CVE-2022-35459","","heap-buffer overflow","","","","OTFCC","v0.10.4","/release-x64/otfccdump+0x6e412a"
"1435","CVE-2022-35460","","heap-buffer overflow","","","","OTFCC","v0.10.4","/release-x64/otfccdump+0x61731f"
"1436","CVE-2022-35461","","heap-buffer overflow","","","","OTFCC","v0.10.4","/release-x64/otfccdump+0x6c0a32"
"1437","CVE-2022-35462","","heap-buffer overflow","","","","OTFCC","v0.10.4","/release-x64/otfccdump+0x6c0bc3"
"1438","CVE-2022-35463","","heap-buffer overflow","","","","OTFCC","v0.10.4","/release-x64/otfccdump+0x6b0478"
"1439","CVE-2022-35464","","heap-buffer overflow","","","","OTFCC","v0.10.4","/release-x64/otfccdump+0x6171b2"
"1440","CVE-2022-35465","","heap-buffer overflow","","","","OTFCC","v0.10.4","/release-x64/otfccdump+0x6c0414"
"2714","CVE-2022-20956","improper access control","","bypass authorization|list files|download files|delete files","crafted HTTP request","authenticated remote attacker","Cisco Identity Services Engine","","web-based management interface"
"2715","CVE-2022-20965","improper access control","","take privileged actions","direct requests","authenticated remote attacker","Cisco Identity Services Engine","","web-based management interface"
"2716","CVE-2022-21126","insecure permissions","","","","","","com.github.samtools:htsjdk","createTempDir() in util/IOUtil.java"
"2717","CVE-2022-21131","improper access control","","information disclosure","","authenticated user","Intel Xeon Processors","",""
"2718","CVE-2022-21152","improper access control","","information disclosure","","authenticated user","Intel Edge Insights for Industrial","before 2.6.1",""
"2719","CVE-2022-21163","improper access control","","escalation of privilege","","authenticated user","Crypto API Toolkit for Intel SGX","before 2.0 commit ID 91ee496",""
"2720","CVE-2022-21748","missing permission check","","information disclosure","","","","Android","telephony"
"2721","CVE-2022-21749","missing permission check","","information disclosure","","","","Android","telephony"
"2722","CVE-2022-21935","unverified password change","","","","","","Metasys ADS/ADX/OAS","10 versions prior to 10.1.5 and 11 versions prior to 11.0.2"
"2723","CVE-2022-22127","broken access control","","change passwords for users in different sites","","malicious site administrator","Tableau Server","2020.4.16, 2021.1.13, 2021.2.10, 2021.3.9, 2021.4.4 and earlier","Local Identity Store"
"2724","CVE-2022-22144","hard-coded password","","known root password","","","TCL LinkHub Mesh Wi-Fi","MS1G_00_01.00_14","libcommonprod.so prod_change_root_passwd functionality"
"2725","CVE-2022-22289","improper access control","","get sensitive information","","attacker","S Assistant","prior to 7.5",""
"2726","CVE-2022-22331","insecure direct object vulnerability","","obtain sensitive information|modify user details","","remote authenticated attacker","IBM SterlingPartner Engagement Manager","6.2.0",""
"2727","CVE-2022-2242","improper access control","","read and write robot configurations","","unauthorized attacker","KUKA SystemSoftware V/KSS","prior to 8.6.5",""
"2728","CVE-2022-22442","improper access controls","","access restricted information","","authenticated user","IBM InfoSphere Information Server","11.7",""
"2729","CVE-2022-22565","improper authorization","","disclose or modify sensitive data","","authenticated and privileged user","Dell PowerScale OneFS","9.0.0-9.3.0",""
"2730","CVE-2022-22736","insecure permissions","","local privilege escalation","","","","Firefox for Windows","< 96"
"2731","CVE-2022-22765","hardcoded credentials","","access|modify|delete sensitive information","","threat actors","BD Viper LT system","2.0 and later",""
"2732","CVE-2022-22806","authentication bypass by capture-replay","","unauthenticated connection","malformed connection","","SmartConnect Family","SMT Series UPS 04.5 and prior, SMC Series UPS 04.2 and prior, SMTL Series UPS 02.9 and prior, SCL Series UPS 02.5/03.1 and prior, SMX Series UPS 03.1 and prior",""
"2733","CVE-2022-2310","authentication bypass","","login to admin interface without credentials","crafted HTTP requests","remote attacker","Skyhigh SWG","10.x prior to 10.2.12, 9.x prior to 9.2.23, 8.x prior to 8.2.28, 11.x prior to 11.2.1","administration User Interface"
"2734","CVE-2022-23144","improper permission control","","delete default application type","","attackers","ZTE ZXvSTB","",""
"2735","CVE-2022-23345","incorrect access control","","","","","","BigAnt Server","v5.6.06"
"2736","CVE-2022-23440","use of hard-coded cryptographic key","","disable and uninstall collectors","","local attacker","FortiEDR","5.0.2, 5.0.1, 5.0.0, 4.0.0","registration mechanism"
"2737","CVE-2022-23441","use of hard-coded cryptographic key","","disguise as and forge messages from other collectors","","unauthenticated attacker","FortiEDR","5.0.2, 5.0.1, 5.0.0, 4.0.0",""
"2738","CVE-2022-23442","improper access control","","gather checksum information about other VDOMs","CLI commands","authenticated attacker with restricted user profile","FortiOS","6.2.0 through 6.2.11, 6.4.0 through 6.4.8, 7.0.0 through 7.0.5",""
"2739","CVE-2022-23506","improper secret masking","","exposure of sensitive AWS credentials","","","Spinnaker Rosco","prior to 1.29.2, 1.28.4, and 1.27.3","packer builds"
"2740","CVE-2022-23650","hard-coded cryptographic key","","run admin commands","","","Netmaker","prior to 0.8.5, 0.9.4, and 010.0","server component"
"2741","CVE-2022-23724","use of static encryption key","","forge authentication token|bypass MFA","","attacker with compromised user credentials","","",""
"2742","CVE-2022-2379","lack of authorisation","","retrieve sensitive information","","unauthenticated users","Easy Student Results WordPress plugin","through 2.2.8","REST API"
"2743","CVE-2022-24083","authentication bypass","","bypass local authentication checks","","","","",""
"2744","CVE-2022-24860","use of hard-coded cryptographic key","","generate login credentials of any user","","attacker","Databasir","1.01",""
"2745","CVE-2022-25090","insecure permissions","","privilege escalation","","","Printix Secure Cloud Print Management","through 1.3.1106.0",""
"2746","CVE-2022-25159","authentication bypass by capture-replay","","login to product","replay attack","remote unauthenticated attacker","Mitsubishi Electric MELSEC iQ-F|iQ-R|Q series","all versions",""
"2747","CVE-2022-25217","use of hard-coded cryptographic key pair","","obtain root shell","","attacker on local area network","PHICOMM K2|K3C","multiple versions","telnetd_startup service"
"2748","CVE-2022-25336","insecure direct object reference","","access image files","","","","Ibexa DXP ezsystems/ezpublish-kernel","7.5.x before 7.5.26, 1.3.x before 1.3.12"
"2749","CVE-2022-25338","incorrect access control","","","","physically proximate attackers","ownCloud","before 2.20",""
"2750","CVE-2022-25339","incorrect access control","","","","local attackers","ownCloud","2.2",""
"2751","CVE-2022-25357","improper access control","","join conference without PIN","","attacker","Pexip Infinity","27.x before 27.2",""
"2752","CVE-2022-25577","hardcoded password","","read and modify data","","attackers with remote or local access","ALF-BanCO","v8.2.5 and below","SQLite database"
"2753","CVE-2022-25679","improper access control","","denial of service","","","Snapdragon Compute|Consumer IOT|Industrial IOT|Mobile|Wearables","","broadcast receivers"
"2754","CVE-2022-25824","improper access control","","load arbitrary URL and local files","","untrusted applications","BixbyTouch","prior to 2.2.00.6","webview"
"2755","CVE-2022-25825","improper access control","","access authcode for sign-in","","attackers","Samsung Account","prior to 13.1.0.1",""
"2756","CVE-2022-25831","improper access control","","access secured data","","physical attackers","S Secure","prior to SMR Apr-2022 Release 1",""
"2757","CVE-2022-25915","improper access control","","bypass access restriction|access management screen","","network-adjacent authenticated attacker","ELECOM LAN routers","multiple versions and models",""
"2758","CVE-2022-25989","authentication bypass","","","","","Anker Eufy Homebase 2","2.1.8.5h","libxm_av.so getpeermac() functionality"
"2759","CVE-2022-26019","improper access control","","rewrite existing files|arbitrary command execution","","remote attacker with privilege to change NTP GPS settings","pfSense CE|pfSense Plus","CE prior to 2.6.0, Plus prior to 22.01",""
"2760","CVE-2022-26024","improper access control","","escalation of privilege","","authenticated user","Intel NUC HDMI Firmware Update Tool","before 1.78.2.0.7",""
"2761","CVE-2022-26090","improper access control","","access contact information without permission","","attackers","SamsungContacts","prior to SMR Apr-2022 Release 1",""
"2762","CVE-2022-26113","execution with unnecessary privileges","","arbitrary file write","","local attacker","FortiClientWindows","7.0.0 through 7.0.3, 6.4.0 through 6.4.7, 6.2.0 through 6.2.9, 6.0.0 through 6.0.10",""
"2763","CVE-2022-26119","improper authentication","","perform operations on Glassfish server","hardcoded password","local attacker with CLI access","Fortinet FortiSIEM","before 6.5.0",""
"2764","CVE-2022-2630","improper access control","","disclosure of confidential information","","","GitLab CE/EE","15.2 before 15.2.4, 15.3 before 15.3.2","Incident timeline events"
"2765","CVE-2022-26308","improper access control","","create|delete|view existing keys","","","Pandora FMS","v7.0NG.760 and below","Configuration (Credential store)"
"2766","CVE-2022-26310","improper authorization","","create|modify|delete any user with full admin privilege","","any authenticated user with access to User Management module","Pandora FMS","v7.0NG.760 and below","User Management"
"2767","CVE-2022-26343","improper access control","","escalation of privilege","","privileged user","Intel Processors","","BIOS firmware"
"2768","CVE-2022-26429","missing permission check","","write permission usage records of an app","","","Android","","cta"
"2769","CVE-2022-26476","default credentials","","access Shared HIS with administrative privileges","","unauthenticated attacker","Spectrum Power 4|Spectrum Power 7|Spectrum Power MGMS","All versions using Shared HIS","Shared HIS component"
"2770","CVE-2022-26526","world-writable directory","","gain privileges","Trojan horse file","local users","Anaconda Anaconda3|Miniconda3","Anaconda3 through 2021.11.0.0, Miniconda3 through 4.11.0.0",""
"2771","CVE-2022-2660","use of hard-coded cryptographic key","","decrypt sensitive data","","attacker","Delta Industrial Automation DIALink","1.4.0.0 and prior",""
"2772","CVE-2022-26833","improper authentication","","unauthenticated use of REST API","specially-crafted HTTP requests","attacker","Open Automation Software OAS Platform","V16.00.0121","REST API"
"2773","CVE-2022-27172","hard-coded password","","privileged operation execution","specially-crafted network request","attacker","InHand Networks InRouter302","V3.5.37","console infactory functionality"
"2774","CVE-2022-27211","missing permission check","","connect to attacker-specified SSH server|capture credentials","","attackers with Overall/Read permission","Jenkins Kubernetes Continuous Deploy Plugin","2.3.1 and earlier",""
"2775","CVE-2022-27235","broken access control","","","","","","Social Share Buttons by Supsystic","<= 2.2.3"
"2776","CVE-2022-27484","unverified password change","","bypass Old Password check","crafted HTTP request","authenticated attacker","Fortinet FortiADC","6.2.0 through 6.2.3, 6.1.x, 6.0.x, 5.x.x","password change form"
"2777","CVE-2022-27673","insufficient access controls","","information disclosure","","","AMD Link Android app","",""
"2778","CVE-2022-27840","improper access control","","delete arbitrary files","","local attackers","SamsungRecovery","prior to 8.1.43.0",""
"2779","CVE-2022-2792","improper access control","","","","","","Emerson Electric's Proficy Machine Edition","9.00 and prior"
"2780","CVE-2022-2820","session fixation","","","","","","namelessmc/nameless","prior to v2.0.2"
"2781","CVE-2022-2824","authorization bypass","","","","","","openemr/openemr","prior to 7.0.0.1"
"2782","CVE-2022-28321","improper access restriction","","authentication bypass for SSH logins","","user with denied access","Linux-PAM","before 1.5.2-6.1","pam_access.so module"
"2783","CVE-2022-28371","use of static certificate","","gain access","","","Verizon 5G Home LVSKIHP","InDoorUnit 3.4.66.162 and OutDoorUnit 3.33.101.0","CRTC and ODU RPC endpoints"
"2784","CVE-2022-28709","improper access control","","denial of service","","privileged user","Intel E810 Ethernet Controllers","before 1.6.1.9","firmware"
"2785","CVE-2022-28713","improper authentication","","obtain Facility Information data without logging in","","remote attacker","Cybozu Garoon","4.10.0 to 5.5.1","Scheduler"
"2786","CVE-2022-28758","improper access control","","obtain audio and video feed of unauthorized meeting","","malicious actor","Zoom On-Premise Meeting Connector MMR","before 4.8.20220815.130",""
"2787","CVE-2022-28759","improper access control","","obtain audio and video feed of unauthorized meeting","","malicious actor","Zoom On-Premise Meeting Connector MMR","before 4.8.20220815.130",""
"2788","CVE-2022-28760","improper access control","","obtain audio and video feed of unauthorized meeting","","malicious actor","Zoom On-Premise Meeting Connector MMR","before 4.8.20220815.130",""
"2789","CVE-2022-28761","improper access control","","prevent participants from receiving audio and video","","malicious actor in authorized meeting","Zoom On-Premise Meeting Connector MMR","before 4.8.20220916.131",""
"2790","CVE-2022-28771","missing authentication check","","break application accessibility","malicious http requests","unauthenticated attacker","SAP Business one License service API","10",""
"2791","CVE-2022-28780","improper access control","","access location information without permission","","attackers","Weather","prior to SMR May-2022 Release 1",""
"2792","CVE-2022-29060","use of hard-coded cryptographic key","","sign JWT tokens for any device","","attacker","FortiDDoS API","5.5.0 through 5.5.1, 5.4.0 through 5.4.2, 5.3.0 through 5.3.1, 5.2.0, 5.1.0",""
"2793","CVE-2022-29271","incorrect permission check","","schedule downtime for any host/services","","read-only Nagios user","Nagios XI","through 5.8.5",""
"2794","CVE-2022-29477","authentication bypass","","","","attacker","Abode Systems iota All-In-One Security Kit","6.9X and 6.9Z","web interface /action/factory* functionality"
"2795","CVE-2022-29500","incorrect access control","","information disclosure","","","","SchedMD Slurm","21.08.x through 20.11.x"
"2796","CVE-2022-29501","incorrect access control","","escalation of privileges|code execution","","","","SchedMD Slurm","21.08.x through 20.11.x"
"2797","CVE-2022-29502","incorrect access control","","escalation of privileges","","","","SchedMD Slurm","21.08.x through 20.11.x"
"2798","CVE-2022-29514","improper access control","","escalation of privilege","","unauthenticated user","Intel SUR software","before 2.4.8902",""
"2799","CVE-2022-20956","improper access control","","bypass authorization|list files|download files|delete files","crafted HTTP request","authenticated remote attacker","Cisco Identity Services Engine","","web-based management interface"
"2800","CVE-2022-20965","improper access control","","take privileged actions","direct requests","authenticated remote attacker","Cisco Identity Services Engine","","web-based management interface"
"2801","CVE-2022-21126","insecure permissions","","","","","com.github.samtools:htsjdk","before 3.0.1","createTempDir() in util/IOUtil.java"
"2802","CVE-2022-21131","improper access control","","information disclosure","","authenticated user","Intel Xeon Processors","",""
"2803","CVE-2022-21152","improper access control","","information disclosure","","authenticated user","Intel Edge Insights for Industrial","before 2.6.1",""
"2804","CVE-2022-21163","improper access control","","escalation of privilege","","authenticated user","Crypto API Toolkit for Intel SGX","before 2.0 commit ID 91ee496",""
"2805","CVE-2022-21748","missing permission check","","information disclosure","","","Android","","telephony"
"2806","CVE-2022-21749","missing permission check","","information disclosure","","","Android","","telephony"
"2807","CVE-2022-21935","unverified password change","","","","","","Metasys ADS/ADX/OAS","10 versions prior to 10.1.5 and 11 versions prior to 11.0.2"
"2808","CVE-2022-22127","broken access control","","change passwords for users in different sites","","malicious site administrator","Tableau Server","2020.4.16, 2021.1.13, 2021.2.10, 2021.3.9, 2021.4.4 and earlier","Local Identity Store"
"2809","CVE-2022-22144","hard-coded password","","known root password","","","TCL LinkHub Mesh Wi-Fi","MS1G_00_01.00_14","libcommonprod.so prod_change_root_passwd functionality"
"2810","CVE-2022-22289","improper access control","","get sensitive information","","attacker","S Assistant","prior to 7.5",""
"2811","CVE-2022-22331","insecure direct object vulnerability","","obtain sensitive information|modify user details","","remote authenticated attacker","IBM SterlingPartner Engagement Manager","6.2.0",""
"2812","CVE-2022-2242","improper access control","","read and write robot configurations","","unauthorized attacker","KUKA SystemSoftware V/KSS","prior to 8.6.5",""
"2813","CVE-2022-22442","improper access controls","","access restricted information","","authenticated user","IBM InfoSphere Information Server","11.7",""
"2814","CVE-2022-22565","improper authorization","","disclose or modify sensitive data","","authenticated and privileged user","Dell PowerScale OneFS","9.0.0-9.3.0",""
"2815","CVE-2022-22736","insecure permissions","","local privilege escalation","","","","Firefox for Windows","< 96"
"2816","CVE-2022-22765","hardcoded credentials","","access|modify|delete sensitive information","","threat actors","BD Viper LT system","2.0 and later",""
"2817","CVE-2022-22806","authentication bypass by capture-replay","","unauthenticated connection","malformed connection","","SmartConnect Family","SMT Series UPS 04.5 and prior, SMC Series UPS 04.2 and prior, SMTL Series UPS 02.9 and prior, SCL Series UPS 02.5/03.1 and prior, SMX Series UPS 03.1 and prior",""
"2818","CVE-2022-2310","authentication bypass","","login to admin interface without credentials","crafted HTTP requests","remote attacker","Skyhigh SWG","10.x prior to 10.2.12, 9.x prior to 9.2.23, 8.x prior to 8.2.28, 11.x prior to 11.2.1","administration User Interface"
"2819","CVE-2022-23144","improper permission control","","delete default application type","","attackers","ZTE ZXvSTB","",""
"2820","CVE-2022-23345","incorrect access control","","","","","","BigAnt Server","v5.6.06"
"2821","CVE-2022-23440","use of hard-coded cryptographic key","","disable and uninstall collectors","","local attacker","FortiEDR","5.0.2, 5.0.1, 5.0.0, 4.0.0","registration mechanism"
"2822","CVE-2022-23441","use of hard-coded cryptographic key","","disguise as and forge messages from other collectors","","unauthenticated attacker","FortiEDR","5.0.2, 5.0.1, 5.0.0, 4.0.0",""
"2823","CVE-2022-23442","improper access control","","gather checksum information about other VDOMs","CLI commands","authenticated attacker with restricted user profile","FortiOS","6.2.0 through 6.2.11, 6.4.0 through 6.4.8, 7.0.0 through 7.0.5",""
"2824","CVE-2022-23506","improper secret masking","","exposure of sensitive AWS credentials","","","Spinnaker Rosco","prior to 1.29.2, 1.28.4, and 1.27.3","packer builds"
"2825","CVE-2022-23650","hard-coded cryptographic key","","run admin commands","","","Netmaker","prior to 0.8.5, 0.9.4, and 010.0","server component"
"2826","CVE-2022-23724","use of static encryption key","","forge authentication token|bypass MFA","","attacker with compromised user credentials","","",""
"2827","CVE-2022-2379","lack of authorisation","","retrieve sensitive information","","unauthenticated users","Easy Student Results WordPress plugin","through 2.2.8","REST API"
"2828","CVE-2022-24083","authentication bypass","","bypass local authentication checks","","","","",""
"2829","CVE-2022-24860","use of hard-coded cryptographic key","","generate login credentials of any user","","attacker","Databasir","1.01",""
"2830","CVE-2022-25090","insecure permissions","","privilege escalation","","","Printix Secure Cloud Print Management","through 1.3.1106.0",""
"2831","CVE-2022-25159","authentication bypass by capture-replay","","login to product","replay attack","remote unauthenticated attacker","Mitsubishi Electric MELSEC iQ-F|iQ-R|Q series","all versions",""
"2832","CVE-2022-25217","use of hard-coded cryptographic key pair","","obtain root shell","","attacker on local area network","PHICOMM K2|K3C","multiple versions","telnetd_startup service"
"2833","CVE-2022-25336","insecure direct object reference","","access image files","","","","Ibexa DXP ezsystems/ezpublish-kernel","7.5.x before 7.5.26, 1.3.x before 1.3.12"
"2834","CVE-2022-25338","incorrect access control","","","","physically proximate attackers","ownCloud","before 2.20",""
"2835","CVE-2022-25339","incorrect access control","","","","local attackers","ownCloud","2.2",""
"2836","CVE-2022-25357","improper access control","","join conference without PIN","","attacker","Pexip Infinity","27.x before 27.2",""
"2837","CVE-2022-25577","hardcoded password","","read and modify data","","attackers with remote or local access","ALF-BanCO","v8.2.5 and below","SQLite database"
"2838","CVE-2022-25679","improper access control","","denial of service","","","Snapdragon Compute|Consumer IOT|Industrial IOT|Mobile|Wearables","","broadcast receivers"
"2839","CVE-2022-25824","improper access control","","load arbitrary URL and local files","","untrusted applications","BixbyTouch","prior to 2.2.00.6","webview"
"2840","CVE-2022-25825","improper access control","","access authcode for sign-in","","attackers","Samsung Account","prior to 13.1.0.1",""
"2841","CVE-2022-25831","improper access control","","access secured data","","physical attackers","S Secure","prior to SMR Apr-2022 Release 1",""
"2842","CVE-2022-25915","improper access control","","bypass access restriction|access management screen","","network-adjacent authenticated attacker","ELECOM LAN routers","multiple versions and models",""
"2843","CVE-2022-25989","authentication bypass","","","","","Anker Eufy Homebase 2","2.1.8.5h","libxm_av.so getpeermac() functionality"
"2844","CVE-2022-26019","improper access control","","rewrite existing files|arbitrary command execution","","remote attacker with privilege to change NTP GPS settings","pfSense CE|pfSense Plus","CE prior to 2.6.0, Plus prior to 22.01",""
"2845","CVE-2022-26024","improper access control","","escalation of privilege","","authenticated user","Intel NUC HDMI Firmware Update Tool","before 1.78.2.0.7",""
"2846","CVE-2022-26090","improper access control","","access contact information without permission","","attackers","SamsungContacts","prior to SMR Apr-2022 Release 1",""
"2847","CVE-2022-26113","execution with unnecessary privileges","","arbitrary file write","","local attacker","FortiClientWindows","7.0.0 through 7.0.3, 6.4.0 through 6.4.7, 6.2.0 through 6.2.9, 6.0.0 through 6.0.10",""
"2848","CVE-2022-26119","improper authentication","","perform operations on Glassfish server","hardcoded password","local attacker with CLI access","Fortinet FortiSIEM","before 6.5.0",""
"2849","CVE-2022-2630","improper access control","","disclosure of confidential information","","","GitLab CE/EE","15.2 before 15.2.4, 15.3 before 15.3.2","Incident timeline events"
"2850","CVE-2022-26308","improper access control","","create|delete|view existing keys","","","Pandora FMS","v7.0NG.760 and below","Configuration (Credential store)"
"2851","CVE-2022-26310","improper authorization","","create|modify|delete any user with full admin privilege","","any authenticated user with access to User Management module","Pandora FMS","v7.0NG.760 and below","User Management"
"2852","CVE-2022-26343","improper access control","","escalation of privilege","","privileged user","Intel Processors","","BIOS firmware"
"2853","CVE-2022-26429","missing permission check","","write permission usage records of an app","","","Android","","cta"
"2854","CVE-2022-26476","default credentials","","access Shared HIS with administrative privileges","","unauthenticated attacker","Spectrum Power 4|Spectrum Power 7|Spectrum Power MGMS","All versions using Shared HIS","Shared HIS component"
"2855","CVE-2022-26526","world-writable directory","","gain privileges","Trojan horse file","local users","Anaconda Anaconda3|Miniconda3","Anaconda3 through 2021.11.0.0, Miniconda3 through 4.11.0.0",""
"2856","CVE-2022-2660","use of hard-coded cryptographic key","","decrypt sensitive data","","attacker","Delta Industrial Automation DIALink","1.4.0.0 and prior",""
"2857","CVE-2022-26833","improper authentication","","unauthenticated use of REST API","specially-crafted HTTP requests","attacker","Open Automation Software OAS Platform","V16.00.0121","REST API"
"2858","CVE-2022-27172","hard-coded password","","privileged operation execution","specially-crafted network request","attacker","InHand Networks InRouter302","V3.5.37","console infactory functionality"
"2859","CVE-2022-27211","missing permission check","","connect to attacker-specified SSH server|capture credentials","","attackers with Overall/Read permission","Jenkins Kubernetes Continuous Deploy Plugin","2.3.1 and earlier",""
"2860","CVE-2022-27235","broken access control","","","","","","Social Share Buttons by Supsystic","<= 2.2.3"
"2861","CVE-2022-27484","unverified password change","","bypass Old Password check","crafted HTTP request","authenticated attacker","Fortinet FortiADC","6.2.0 through 6.2.3, 6.1.x, 6.0.x, 5.x.x","password change form"
"2862","CVE-2022-27673","insufficient access controls","","information disclosure","","","AMD Link Android app","",""
"2863","CVE-2022-27840","improper access control","","delete arbitrary files","","local attackers","SamsungRecovery","prior to 8.1.43.0",""
"2864","CVE-2022-2792","improper access control","","","","","","Emerson Electric's Proficy Machine Edition","9.00 and prior"
"2865","CVE-2022-2820","session fixation","","","","","","namelessmc/nameless","prior to v2.0.2"
"2866","CVE-2022-2824","authorization bypass","","","","","","openemr/openemr","prior to 7.0.0.1"
"2867","CVE-2022-28321","improper access restriction","","authentication bypass for SSH logins","","user with denied access","Linux-PAM","before 1.5.2-6.1","pam_access.so module"
"2868","CVE-2022-28371","use of static certificate","","gain access","","","Verizon 5G Home LVSKIHP","InDoorUnit 3.4.66.162 and OutDoorUnit 3.33.101.0","CRTC and ODU RPC endpoints"
"2869","CVE-2022-28709","improper access control","","denial of service","","privileged user","Intel E810 Ethernet Controllers","before 1.6.1.9","firmware"
"2870","CVE-2022-28713","improper authentication","","obtain Facility Information data without logging in","","remote attacker","Cybozu Garoon","4.10.0 to 5.5.1","Scheduler"
"2871","CVE-2022-28758","improper access control","","obtain audio and video feed of unauthorized meeting","","malicious actor","Zoom On-Premise Meeting Connector MMR","before 4.8.20220815.130",""
"2872","CVE-2022-28759","improper access control","","obtain audio and video feed of unauthorized meeting","","malicious actor","Zoom On-Premise Meeting Connector MMR","before 4.8.20220815.130",""
"2873","CVE-2022-28760","improper access control","","obtain audio and video feed of unauthorized meeting","","malicious actor","Zoom On-Premise Meeting Connector MMR","before 4.8.20220815.130",""
"2874","CVE-2022-28761","improper access control","","prevent participants from receiving audio and video","","malicious actor in authorized meeting","Zoom On-Premise Meeting Connector MMR","before 4.8.20220916.131",""
"2875","CVE-2022-28771","missing authentication check","","break application accessibility","malicious http requests","unauthenticated attacker","SAP Business one License service API","10",""
"2876","CVE-2022-28780","improper access control","","access location information without permission","","attackers","Weather","prior to SMR May-2022 Release 1",""
"2877","CVE-2022-29060","use of hard-coded cryptographic key","","sign JWT tokens for any device","","attacker","FortiDDoS API","5.5.0 through 5.5.1, 5.4.0 through 5.4.2, 5.3.0 through 5.3.1, 5.2.0, 5.1.0",""
"2878","CVE-2022-29271","incorrect permission check","","schedule downtime for any host/services","","read-only Nagios user","Nagios XI","through 5.8.5",""
"2879","CVE-2022-29477","authentication bypass","","","","attacker","Abode Systems iota All-In-One Security Kit","6.9X and 6.9Z","web interface /action/factory* functionality"
"2880","CVE-2022-29500","incorrect access control","","information disclosure","","","","SchedMD Slurm","21.08.x through 20.11.x"
"2881","CVE-2022-29501","incorrect access control","","escalation of privileges|code execution","","","","SchedMD Slurm","21.08.x through 20.11.x"
"2882","CVE-2022-29502","incorrect access control","","escalation of privileges","","","","SchedMD Slurm","21.08.x through 20.11.x"
"2883","CVE-2022-29514","improper access control","","escalation of privilege","","unauthenticated user","Intel SUR software","before 2.4.8902",""
"3524","CVE-2022-34765","external control of file name or path","","loading of unauthorized firmware images","user-controlled data written to file path","","X80 advanced RTU Communication Module|OPC UA Modicon Communication Module","",""
"3525","CVE-2022-34803","unencrypted storage of sensitive information","","view API keys","","users with Extended Read permission|users with access to Jenkins controller file system","Jenkins OpsGenie Plugin","1.9 and earlier","global configuration file|job config.xml files"
"3526","CVE-2022-34807","unencrypted storage of sensitive information","","view password","","users with access to Jenkins controller file system","Jenkins Elasticsearch Query Plugin","1.2 and earlier","global configuration file"
"3527","CVE-2022-34808","unencrypted storage of sensitive information","","view bearer tokens","","users with access to Jenkins controller file system","Jenkins Cisco Spark Plugin","1.1.1 and earlier","global configuration file"
"3528","CVE-2022-34830","TOCTOU race condition","","gain access to freed memory","improper GPU processing operations","non-privileged user","Arm product family","through 2022-06-29",""
"3529","CVE-2022-34868","improper access control","arbitrary settings update","","","authenticated users","YooMoney ?Kassa  WooCommerce plugin","<= 2.3.0","WordPress"
"3530","CVE-2022-34899","improper file permissions","","escalate privileges|execute arbitrary code","create symbolic link","local attacker with low-privileged code execution","Parallels Access","6.5.4 (39316) Agent","Parallels service"
"3531","CVE-2022-35242","improper access control","plugin settings change","","","unauthenticated users","59sec THE Leads Management System: 59sec LITE plugin","<= 3.4.1","WordPress"
"3532","CVE-2022-35842","exposure of sensitive information","","gain information about LDAP and SAML settings","","remote unauthenticated attacker","FortiOS SSL-VPN","7.2.0|7.0.0 through 7.0.6|6.4.0 through 6.4.9",""
"3533","CVE-2022-35847","improper neutralization of special elements","server-side template injection","execute arbitrary code","crafted payload","remote authenticated attacker","FortiSOAR","7.2.0|7.0.0 through 7.0.3|6.4.0 through 6.4.4","management interface"
"3534","CVE-2022-3590","TOCTOU race condition","","reach internal hosts","unauthenticated blind SSRF","attackers","WordPress","","pingback feature"
"3535","CVE-2022-36308","plaintext storage of sensitive information","","manipulate eNodeB over SNMP","","anyone with web access","Airspan AirVelocity 1500","older than 15.18.00.2511","web management UI"
"3536","CVE-2022-36375","improper access control","wordpress options change","","","authenticated high role users","Biplob Adhikari's Tabs plugin","<= 3.6.0","WordPress"
"3537","CVE-2022-3644","plaintext storage of sensitive information","","view tokens","","","pulp_ansible","","collection remote"
"3538","CVE-2022-36617","reversible encryption","","recover cleartext passwords","","attackers with administrative privileges","Arq Backup","7.19.5.0 and below",""
"3539","CVE-2022-36997","improper access control","","arbitrary file read|server-side request forgery|denial of service","","attacker with authenticated access","Veritas NetBackup","8.1.x through 8.1.2|8.2|8.3.x through 8.3.0.2|9.x through 9.0.0.1|9.1.x through 9.1.0.1","NetBackup Client"
"3540","CVE-2022-38372","hidden functionality","","obtain root shell","undocumented command","local privileged user","FortiTester CLI","2.3.0 through 3.9.1|4.0.0 through 4.2.0|7.0.0 through 7.1.0",""
"3541","CVE-2022-38791","improper lock management","","deadlock","stream write failure","local users","MariaDB","before 10.9.2","extra/mariabackup/ds_compress.cc"
"3542","CVE-2022-3966","improper input validation","pathname traversal","","","","Ultimate Member Plugin","up to 2.5.0","Template Handler"
"3543","CVE-2022-3970","integer overflow","","","","","LibTIFF","","function TIFFReadRGBATileExt"
"3544","CVE-2022-39909","insufficient verification of data authenticity","","create arbitrary file","symbolic link","local attackers","Samsung Gear IconX PC Manager","prior to version 2.1.221019.51",""
"3545","CVE-2022-39949","improper control of resource lifetime","","terminate FortiEDR processes|bypass EDR protection","special tools","privileged user","FortiEDR CollectorWindows","4.0.0 through 4.1|5.0.0 through 5.0.3.751|5.1.0",""
"3546","CVE-2022-40634","improper control of dynamically-managed code resources","server-side template injection","execute OS commands","FreeMarker SSTI","authenticated developers","Crafter CMS","","Crafter Studio"
"3547","CVE-2022-41255","unencrypted storage of sensitive information","","view Cons3rt API token","","users with access to Jenkins controller file system","Jenkins CONS3RT Plugin","1.0.0 and earlier","job config.xml files"
"3548","CVE-2022-41732","plaintext storage of sensitive information","","read user credentials","","local user","IBM Maximo Mobile","8.7 and 8.8",""
"3549","CVE-2022-4202","integer overflow","","","","","GPAC","2.1-DEV-rev490-g68064e101-master","function lsr_translate_coords"
"3550","CVE-2022-42328","deadlock","","","","guests","Linux netback driver","",""
"3551","CVE-2022-42329","deadlock","","","","guests","Linux netback driver","",""
"3552","CVE-2022-43419","unencrypted storage of sensitive information","","view API keys","","users with Extended Read permission|users with access to Jenkins controller file system","Jenkins Katalon Plugin","1.0.32 and earlier","job config.xml files"
"3553","CVE-2022-43442","plaintext storage of sensitive information","","obtain login password","","attacker","+F FS040U","v2.3.4 and earlier",""
"3554","CVE-2022-44784","improper access control","local file inclusion","create arbitrary services on server side","","","Appalti & Contratti","9.12.2","Axis AdminService"
"3555","CVE-2022-45384","unencrypted storage of sensitive information","","view LDAP manager password","","attackers with access to Jenkins controller file system","Jenkins Reverse Proxy Auth Plugin","1.7.3 and earlier","global config.xml file"
"3556","CVE-2022-45392","unencrypted storage of sensitive information","","view passwords","","attackers with Extended Read permission|attackers with access to Jenkins controller file system","Jenkins NS-ND Integration Performance Publisher Plugin","4.8.0.143 and earlier","job config.xml files"
"3557","CVE-2022-45440","improper handling of symbolic links","","access root file system","create symbolic link on external storage media","local authenticated attacker with administrator privileges","Zyxel AX7501-B0","firmware prior to V5.17(ABPC.3)C0","FTP server"
"3558","CVE-2022-45842","race condition","","increase/decrease rating scores","","attackers","WP ULike Plugin","<= 4.6.4","WordPress"
"3559","CVE-2022-45857","incorrect user management","","access FortiGate without password","","","FortiManager","version 6.4.6 and below","VDOM creation component"
"3560","CVE-2022-46081","improper session termination","","expose private personal information","","","Garmin Connect","4.61","LiveTrack API"
"3561","CVE-2022-47524","insufficient input validation","IDN homograph attack","","","","F-Secure SAFE Browser","19.1 before 19.2","Android"
"3562","CVE-2022-35238","improper access control","plugin settings change","","","unauthenticated users","Awesome Filterable Portfolio plugin","<= 1.9.7","WordPress"
"3563","CVE-2022-38121","plaintext storage of sensitive information","","access account names and passwords","","remote attacker with general user privilege","UPSMON PRO","","configuration file"
"3564","CVE-2022-38665","unencrypted storage of sensitive information","","view RabbitMQ password","","users with access to Jenkins controller file system","Jenkins CollabNet Plugins Plugin","2.0.8 and earlier","global configuration file"
"3565","CVE-2022-41247","unencrypted storage of sensitive information","","view BigPanda API key","","users with access to Jenkins controller file system","Jenkins BigPanda Notifier Plugin","1.4.0 and earlier","global configuration file"
"3566","CVE-2021-24000","race condition","","interact with unintended tab|disclose unintended information","","","Firefox","< 88",""
"3567","CVE-2021-28918","improper input validation","","perform SSRF|RFI|LFI attacks","","","netmask","v1.0.6 and below",""
"3568","CVE-2021-33624","branch misprediction","","read arbitrary memory locations","side-channel attack","unprivileged BPF program","Linux kernel","before 5.12.13","kernel/bpf/verifier.c"
"3569","CVE-2022-1537","TOCTOU race condition","","arbitrary file write|local privilege escalation","create symlink","lower-privileged user with write access","GruntJS","prior to 1.5.3","file.copy operations"
"3570","CVE-2022-20621","unencrypted storage of sensitive information","","view access key","","users with access to Jenkins controller file system","Jenkins Metrics Plugin","4.0.2.8 and earlier","global configuration file"
"3571","CVE-2022-21658","race condition","symlink following","delete files and directories","","","Rust","1.0.0 through 1.58.0","std::fs::remove_dir_all"
"3572","CVE-2022-2368","authentication bypass by spoofing","","","","","Microweber","prior to 1.2.20",""
"3573","CVE-2021-0056","insecure inherited permissions","","escalation of privilege","local access","authenticated user","Intel(R) NUC M15 Laptop Kit Driver Pack","before updated version 1.1",""
"3574","CVE-2021-0073","insufficient control flow management","","escalation of privilege","local access","authenticated user","Intel(R) DSA","before version 20.11.50.9",""
"3575","CVE-2021-0076","improper validation of specified index|position|offset","","denial of service","local access","privileged user","Intel(R) PROSet/Wireless Wi-Fi|Killer(TM) Wi-Fi","","firmware"
"3576","CVE-2021-0109","insecure inherited permissions","","escalation of privilege","local access","authenticated user","Intel(R) SOC driver package for STK1A32SC","before version 604",""
"3577","CVE-2021-0127","insufficient control flow management","","denial of service","local access","authenticated user","Intel(R) Processors","",""
"3578","CVE-2021-0133","key exchange without entity authentication","","escalation of privilege","network access","authenticated user","Intel(R) Security Library","before version 3.3",""
"3579","CVE-2021-0147","improper locking","","denial of service","local access","privileged user","Power Management Controller (PMC) for Intel Chipset","before versions pmc_fw_lbg_c1-21ww02a and pmc_fw_lbg_b0-21ww02a","firmware"
"3580","CVE-2021-0163","improper validation of consistency within input","","escalation of privilege","adjacent access","unauthenticated user","Intel(R) PROSet/Wireless Wi-Fi|Killer(TM) Wi-Fi","","software"
"3581","CVE-2021-0173","improper validation of consistency within input","","denial of service","adjacent access","unauthenticated user","Intel(R) PROSet/Wireless Wi-Fi|Killer(TM) Wi-Fi","","firmware"
"3582","CVE-2021-0174","improper use of validation framework","","denial of service","adjacent access","unauthenticated user","Intel(R) PROSet/Wireless Wi-Fi|Killer(TM) Wi-Fi","","firmware"
"3583","CVE-2021-0175","improper validation of specified index|position|offset","","denial of service","adjacent access","unauthenticated user","Intel(R) PROSet/Wireless Wi-Fi|Killer(TM) Wi-Fi","","firmware"
"3584","CVE-2022-34765","external control of file name or path","","loading of unauthorized firmware images","user-controlled data written to file path","","X80 advanced RTU Communication Module|OPC UA Modicon Communication Module","",""
"3585","CVE-2022-34803","unencrypted storage of sensitive information","","view API keys","","users with Extended Read permission|users with access to Jenkins controller file system","Jenkins OpsGenie Plugin","1.9 and earlier","global configuration file|job config.xml files"
"3586","CVE-2022-34807","unencrypted storage of sensitive information","","view password","","users with access to Jenkins controller file system","Jenkins Elasticsearch Query Plugin","1.2 and earlier","global configuration file"
"3587","CVE-2022-34808","unencrypted storage of sensitive information","","view bearer tokens","","users with access to Jenkins controller file system","Jenkins Cisco Spark Plugin","1.1.1 and earlier","global configuration file"
"3588","CVE-2022-34830","TOCTOU race condition","","gain access to freed memory","improper GPU processing operations","non-privileged user","Arm product family","through 2022-06-29",""
"3589","CVE-2022-34868","improper access control","arbitrary settings update","","","authenticated users","YooMoney ?Kassa  WooCommerce plugin","<= 2.3.0","WordPress"
"3590","CVE-2022-34899","improper file permissions","","escalate privileges|execute arbitrary code","create symbolic link","local attacker with low-privileged code execution","Parallels Access","6.5.4 (39316) Agent","Parallels service"
"3591","CVE-2022-35242","improper access control","plugin settings change","","","unauthenticated users","59sec THE Leads Management System: 59sec LITE plugin","<= 3.4.1","WordPress"
"3592","CVE-2022-35842","exposure of sensitive information","","gain information about LDAP and SAML settings","","remote unauthenticated attacker","FortiOS SSL-VPN","7.2.0|7.0.0 through 7.0.6|6.4.0 through 6.4.9",""
"3593","CVE-2022-35847","improper neutralization of special elements","server-side template injection","execute arbitrary code","crafted payload","remote authenticated attacker","FortiSOAR","7.2.0|7.0.0 through 7.0.3|6.4.0 through 6.4.4","management interface"
"3594","CVE-2022-3590","TOCTOU race condition","","reach internal hosts","unauthenticated blind SSRF","attackers","WordPress","","pingback feature"
"3595","CVE-2022-36308","plaintext storage of sensitive information","","manipulate eNodeB over SNMP","","anyone with web access","Airspan AirVelocity 1500","older than 15.18.00.2511","web management UI"
"3596","CVE-2022-36375","improper access control","wordpress options change","","","authenticated high role users","Biplob Adhikari's Tabs plugin","<= 3.6.0","WordPress"
"3597","CVE-2022-3644","plaintext storage of sensitive information","","view tokens","","","pulp_ansible","","collection remote"
"3598","CVE-2022-36617","reversible encryption","","recover cleartext passwords","","attackers with administrative privileges","Arq Backup","7.19.5.0 and below",""
"3599","CVE-2022-36997","improper access control","","arbitrary file read|server-side request forgery|denial of service","","attacker with authenticated access","Veritas NetBackup","8.1.x through 8.1.2|8.2|8.3.x through 8.3.0.2|9.x through 9.0.0.1|9.1.x through 9.1.0.1","NetBackup Client"
"3600","CVE-2022-38372","hidden functionality","","obtain root shell","undocumented command","local privileged user","FortiTester CLI","2.3.0 through 3.9.1|4.0.0 through 4.2.0|7.0.0 through 7.1.0",""
"3601","CVE-2022-38791","improper lock management","","deadlock","stream write failure","local users","MariaDB","before 10.9.2","extra/mariabackup/ds_compress.cc"
"3602","CVE-2022-3966","improper input validation","pathname traversal","","","","Ultimate Member Plugin","up to 2.5.0","Template Handler"
"3603","CVE-2022-3970","integer overflow","","","","","LibTIFF","","function TIFFReadRGBATileExt"
"3604","CVE-2022-39909","insufficient verification of data authenticity","","create arbitrary file","symbolic link","local attackers","Samsung Gear IconX PC Manager","prior to version 2.1.221019.51",""
"3605","CVE-2022-39949","improper control of resource lifetime","","terminate FortiEDR processes|bypass EDR protection","special tools","privileged user","FortiEDR CollectorWindows","4.0.0 through 4.1|5.0.0 through 5.0.3.751|5.1.0",""
"3606","CVE-2022-40634","improper control of dynamically-managed code resources","server-side template injection","execute OS commands","FreeMarker SSTI","authenticated developers","Crafter CMS","","Crafter Studio"
"3607","CVE-2022-41255","unencrypted storage of sensitive information","","view Cons3rt API token","","users with access to Jenkins controller file system","Jenkins CONS3RT Plugin","1.0.0 and earlier","job config.xml files"
"3608","CVE-2022-41732","plaintext storage of sensitive information","","read user credentials","","local user","IBM Maximo Mobile","8.7 and 8.8",""
"3609","CVE-2022-4202","integer overflow","","","","","GPAC","2.1-DEV-rev490-g68064e101-master","function lsr_translate_coords"
"3610","CVE-2022-42328","deadlock","","","","guests","Linux netback driver","",""
"3611","CVE-2022-42329","deadlock","","","","guests","Linux netback driver","",""
"3612","CVE-2022-43419","unencrypted storage of sensitive information","","view API keys","","users with Extended Read permission|users with access to Jenkins controller file system","Jenkins Katalon Plugin","1.0.32 and earlier","job config.xml files"
"3613","CVE-2022-43442","plaintext storage of sensitive information","","obtain login password","","attacker","+F FS040U","v2.3.4 and earlier",""
"3614","CVE-2022-44784","improper access control","local file inclusion","create arbitrary services on server side","","","Appalti & Contratti","9.12.2","Axis AdminService"
"3615","CVE-2022-45384","unencrypted storage of sensitive information","","view LDAP manager password","","attackers with access to Jenkins controller file system","Jenkins Reverse Proxy Auth Plugin","1.7.3 and earlier","global config.xml file"
"3616","CVE-2022-45392","unencrypted storage of sensitive information","","view passwords","","attackers with Extended Read permission|attackers with access to Jenkins controller file system","Jenkins NS-ND Integration Performance Publisher Plugin","4.8.0.143 and earlier","job config.xml files"
"3617","CVE-2022-45440","improper handling of symbolic links","","access root file system","create symbolic link on external storage media","local authenticated attacker with administrator privileges","Zyxel AX7501-B0","firmware prior to V5.17(ABPC.3)C0","FTP server"
"3618","CVE-2022-45842","race condition","","increase/decrease rating scores","","attackers","WP ULike Plugin","<= 4.6.4","WordPress"
"3619","CVE-2022-45857","incorrect user management","","access FortiGate without password","","","FortiManager","version 6.4.6 and below","VDOM creation component"
"3620","CVE-2022-46081","improper session termination","","expose private personal information","","","Garmin Connect","4.61","LiveTrack API"
"3621","CVE-2022-47524","insufficient input validation","IDN homograph attack","","","","F-Secure SAFE Browser","19.1 before 19.2","Android"
"3622","CVE-2022-35238","improper access control","plugin settings change","","","unauthenticated users","Awesome Filterable Portfolio plugin","<= 1.9.7","WordPress"
"3623","CVE-2022-38121","plaintext storage of sensitive information","","access account names and passwords","","remote attacker with general user privilege","UPSMON PRO","","configuration file"
"3624","CVE-2022-38665","unencrypted storage of sensitive information","","view RabbitMQ password","","users with access to Jenkins controller file system","Jenkins CollabNet Plugins Plugin","2.0.8 and earlier","global configuration file"
"3625","CVE-2022-41247","unencrypted storage of sensitive information","","view BigPanda API key","","users with access to Jenkins controller file system","Jenkins BigPanda Notifier Plugin","1.4.0 and earlier","global configuration file"
"3626","CVE-2021-24000","race condition","","interact with unintended tab|disclose unintended information","","","Firefox","< 88",""
"3627","CVE-2021-28918","improper input validation","","perform SSRF|RFI|LFI attacks","","","netmask","v1.0.6 and below",""
"3628","CVE-2021-33624","branch misprediction","","read arbitrary memory locations","side-channel attack","unprivileged BPF program","Linux kernel","before 5.12.13","kernel/bpf/verifier.c"
"3629","CVE-2022-1537","TOCTOU race condition","","arbitrary file write|local privilege escalation","create symlink","lower-privileged user with write access","GruntJS","prior to 1.5.3","file.copy operations"
"3630","CVE-2022-20621","unencrypted storage of sensitive information","","view access key","","users with access to Jenkins controller file system","Jenkins Metrics Plugin","4.0.2.8 and earlier","global configuration file"
"3631","CVE-2022-21658","race condition","symlink following","delete files and directories","","","Rust","1.0.0 through 1.58.0","std::fs::remove_dir_all"
"3632","CVE-2022-2368","authentication bypass by spoofing","","","","","Microweber","prior to 1.2.20",""
"3633","CVE-2021-0056","insecure inherited permissions","","escalation of privilege","local access","authenticated user","Intel(R) NUC M15 Laptop Kit Driver Pack","before updated version 1.1",""
"3634","CVE-2021-0073","insufficient control flow management","","escalation of privilege","local access","authenticated user","Intel(R) DSA","before version 20.11.50.9",""
"3635","CVE-2021-0076","improper validation of specified index|position|offset","","denial of service","local access","privileged user","Intel(R) PROSet/Wireless Wi-Fi|Killer(TM) Wi-Fi","","firmware"
"3636","CVE-2021-0109","insecure inherited permissions","","escalation of privilege","local access","authenticated user","Intel(R) SOC driver package for STK1A32SC","before version 604",""
"3637","CVE-2021-0127","insufficient control flow management","","denial of service","local access","authenticated user","Intel(R) Processors","",""
"3638","CVE-2021-0133","key exchange without entity authentication","","escalation of privilege","network access","authenticated user","Intel(R) Security Library","before version 3.3",""
"3639","CVE-2021-0147","improper locking","","denial of service","local access","privileged user","Power Management Controller (PMC) for Intel Chipset","before versions pmc_fw_lbg_c1-21ww02a and pmc_fw_lbg_b0-21ww02a","firmware"
"3640","CVE-2021-0163","improper validation of consistency within input","","escalation of privilege","adjacent access","unauthenticated user","Intel(R) PROSet/Wireless Wi-Fi|Killer(TM) Wi-Fi","","software"
"3641","CVE-2021-0173","improper validation of consistency within input","","denial of service","adjacent access","unauthenticated user","Intel(R) PROSet/Wireless Wi-Fi|Killer(TM) Wi-Fi","","firmware"
"3642","CVE-2021-0174","improper use of validation framework","","denial of service","adjacent access","unauthenticated user","Intel(R) PROSet/Wireless Wi-Fi|Killer(TM) Wi-Fi","","firmware"
"3643","CVE-2021-0175","improper validation of specified index|position|offset","","denial of service","adjacent access","unauthenticated user","Intel(R) PROSet/Wireless Wi-Fi|Killer(TM) Wi-Fi","","firmware"
"3644","CVE-2021-43073","improper neutralization of special elements","os command injection","execute unauthorized code or commands","crafted HTTP requests","attacker","Fortinet FortiWeb","6.4.1 and 6.4.0|6.3.15 and below|6.2.6 and below",""
"3645","CVE-2021-43073","improper neutralization of special elements","os command injection","execute unauthorized code or commands","crafted HTTP requests","attacker","Fortinet FortiWeb","6.4.1 and 6.4.0|6.3.15 and below|6.2.6 and below",""
"5685","CVE-2022-24393","improper input validation","command injection","execute system commands","specially crafted HTTP request","authenticated attacker","Fidelis Network and Deception CommandPost","prior to 9.4.5","check_vertica_upgrade value for the cpIp parameter"
"5686","CVE-2022-24393","improper input validation","command injection","execute system commands","specially crafted HTTP request","authenticated attacker","Fidelis Network and Deception CommandPost","prior to 9.4.5","check_vertica_upgrade value for the cpIp parameter"
"5819","CVE-2022-36458","improper input validation","command injection","execute arbitrary commands","command parameter","","TOTOLINK A3700R","V9.1.2u.6134_B20201202","setTracerouteCfg function"
"5820","CVE-2022-36458","","command injection","","","","TOTOLINK A3700R","V9.1.2u.6134_B20201202","setTracerouteCfg"
"6508","CVE-2022-24280","Improper Input Validation","","make TCP/IP connection attempts","","","Apache Pulsar Proxy","2.7.0 to 2.7.4|2.8.0 to 2.8.2|2.9.0 to 2.9.1|2.6.4 and earlier","Proxy component"
"6509","CVE-2022-24280","Improper Input Validation","","","","","Apache Pulsar Proxy","2.7.0 to 2.7.4|2.8.0 to 2.8.2|2.9.0 to 2.9.1|2.6.4 and earlier","Proxy component"
"7112","CVE-2022-46351","","","Denial of Service (DoS)","crafted PROFINET DCP packets","","SCALANCE X204RNA (HSR)","All versions < V3.2.7",""
"7113","CVE-2022-46351","","","Denial of Service (DoS)","crafted PROFINET DCP packets","","SCALANCE X204RNA (PRP)","All versions < V3.2.7",""
"7114","CVE-2022-46351","","","Denial of Service (DoS)","crafted PROFINET DCP packets","","SCALANCE X204RNA EEC (HSR)","All versions < V3.2.7",""
"7115","CVE-2022-46351","","","Denial of Service (DoS)","crafted PROFINET DCP packets","","SCALANCE X204RNA EEC (PRP)","All versions < V3.2.7",""
"7116","CVE-2022-46351","","","Denial of Service (DoS)","crafted PROFINET DCP packets","","SCALANCE X204RNA EEC (PRP/HSR)","All versions < V3.2.7",""
"7117","CVE-2022-46352","","","Denial of Service (DoS)","crafted PROFINET DCP packets","","SCALANCE X204RNA (HSR)","All versions < V3.2.7",""
"7118","CVE-2022-46352","","","Denial of Service (DoS)","crafted PROFINET DCP packets","","SCALANCE X204RNA (PRP)","All versions < V3.2.7",""
"7119","CVE-2022-46352","","","Denial of Service (DoS)","crafted PROFINET DCP packets","","SCALANCE X204RNA EEC (HSR)","All versions < V3.2.7",""
"7120","CVE-2022-46352","","","Denial of Service (DoS)","crafted PROFINET DCP packets","","SCALANCE X204RNA EEC (PRP)","All versions < V3.2.7",""
"7121","CVE-2022-46352","","","Denial of Service (DoS)","crafted PROFINET DCP packets","","SCALANCE X204RNA EEC (PRP/HSR)","All versions < V3.2.7",""
"7140","CVE-2022-25161","Improper Input Validation","","Denial of Service (DoS)","specially crafted packets","remote unauthenticated attacker","Mitsubishi Electric MELSEC iQ-F series FX5U-xMy/z","with serial number 17X**** or later and versions prior to 1.270",""
"7141","CVE-2022-25161","Improper Input Validation","","Denial of Service (DoS)","specially crafted packets","remote unauthenticated attacker","Mitsubishi Electric MELSEC iQ-F series FX5U-xMy/z","with serial number 179**** and prior and versions prior to 1.073",""
"7142","CVE-2022-25161","Improper Input Validation","","Denial of Service (DoS)","specially crafted packets","remote unauthenticated attacker","MELSEC iQ-F series FX5UC-xMy/z","with serial number 17X**** or later and versions prior to 1.270",""
"7143","CVE-2022-25161","Improper Input Validation","","Denial of Service (DoS)","specially crafted packets","remote unauthenticated attacker","MELSEC iQ-F series FX5UC-xMy/z","with serial number 179**** and prior and versions prior to 1.073",""
"7144","CVE-2022-25161","Improper Input Validation","","Denial of Service (DoS)","specially crafted packets","remote unauthenticated attacker","Mitsubishi Electric MELSEC iQ-F series FX5UC-32MT/DS-TS","versions prior to 1.270",""
"7145","CVE-2022-25161","Improper Input Validation","","Denial of Service (DoS)","specially crafted packets","remote unauthenticated attacker","Mitsubishi Electric MELSEC iQ-F series FX5UC-32MT/DSS-TS","versions prior to 1.270",""
"7146","CVE-2022-25161","Improper Input Validation","","Denial of Service (DoS)","specially crafted packets","remote unauthenticated attacker","Mitsubishi Electric MELSEC iQ-F series FX5UC-32MR/DS-TS","versions prior to 1.270",""
"7147","CVE-2022-25161","Improper Input Validation","","Denial of Service (DoS)","specially crafted packets","remote unauthenticated attacker","Mitsubishi Electric MELSEC iQ-F series FX5UJ-xMy/z","versions prior to 1.030",""
"7148","CVE-2022-25161","Improper Input Validation","","Denial of Service (DoS)","specially crafted packets","remote unauthenticated attacker","Mitsubishi Electric MELSEC iQ-F series FX5UJ-xMy/ES-A","versions prior to 1.031",""
"7149","CVE-2022-25161","Improper Input Validation","","Denial of Service (DoS)","specially crafted packets","remote unauthenticated attacker","Mitsubishi Electric MELSEC iQ-F series FX5S-xMy/z","version 1.000",""
"7150","CVE-2022-25162","Improper Input Validation","","temporary DoS","specially crafted packets","remote unauthenticated attacker","Mitsubishi Electric MELSEC iQ-F series FX5U-xMy/z","with serial number 17X**** or later and versions prior to 1.270",""
"7151","CVE-2022-25162","Improper Input Validation","","temporary DoS","specially crafted packets","remote unauthenticated attacker","Mitsubishi Electric MELSEC iQ-F series FX5U-xMy/z","with serial number 179**** and prior and versions prior to 1.073",""
"7152","CVE-2022-25162","Improper Input Validation","","temporary DoS","specially crafted packets","remote unauthenticated attacker","MELSEC iQ-F series FX5UC-xMy/z","with serial number 17X**** or later and versions prior to 1.270",""
"7153","CVE-2022-25162","Improper Input Validation","","temporary DoS","specially crafted packets","remote unauthenticated attacker","MELSEC iQ-F series FX5UC-xMy/z","with serial number 179**** and prior and versions prior to 1.073",""
"7154","CVE-2022-25162","Improper Input Validation","","temporary DoS","specially crafted packets","remote unauthenticated attacker","Mitsubishi Electric MELSEC iQ-F series FX5UC-32MT/DS-TS","versions prior to 1.270",""
"7155","CVE-2022-25162","Improper Input Validation","","temporary DoS","specially crafted packets","remote unauthenticated attacker","Mitsubishi Electric MELSEC iQ-F series FX5UC-32MT/DSS-TS","versions prior to 1.270",""
"7156","CVE-2022-25162","Improper Input Validation","","temporary DoS","specially crafted packets","remote unauthenticated attacker","Mitsubishi Electric MELSEC iQ-F series FX5UC-32MR/DS-TS","versions prior to 1.270",""
"7157","CVE-2022-25162","Improper Input Validation","","temporary DoS","specially crafted packets","remote unauthenticated attacker","Mitsubishi Electric MELSEC iQ-F series FX5UJ-xMy/z","versions prior to 1.030",""
"7158","CVE-2022-25162","Improper Input Validation","","temporary DoS","specially crafted packets","remote unauthenticated attacker","Mitsubishi Electric MELSEC iQ-F series FX5UJ-xMy/ES-A","versions prior to 1.031",""
"7159","CVE-2022-25162","Improper Input Validation","","temporary DoS","specially crafted packets","remote unauthenticated attacker","Mitsubishi Electric MELSEC iQ-F series FX5S-xMy/z","version 1.000",""
"7160","CVE-2022-25163","Improper Input Validation","","denial of service (DoS)|execute malicious code","specially crafted packets","remote unauthenticated attacker","Mitsubishi Electric MELSEC-Q Series QJ71E71-100","first 5 digits of serial number ""24061"" or prior",""
"7161","CVE-2022-25163","Improper Input Validation","","denial of service (DoS)|execute malicious code","specially crafted packets","remote unauthenticated attacker","Mitsubishi Electric MELSEC-L series LJ71E71-100","",""
"7172","CVE-2022-22558","Improper SMM communication buffer verification","","arbitrary writes|denial of service","","Local High Privileged attacker","Dell PowerEdge Server","","BIOS"
"7173","CVE-2022-22558","Improper SMM communication buffer verification","","arbitrary writes|denial of service","","Local High Privileged attacker","Dell Precision Workstation 7910 and 7920 Rack","","BIOS"
"7182","CVE-2022-24040","Improper Input Validation","","Denial of Service (DoS)","setting a PBKDF2 derived key with a remarkably high cost effort and then attempting a login to the so-modified account","attacker with the user profile access privilege","Desigo DXR2","All versions < V01.21.142.5-22",""
"7183","CVE-2022-24040","Improper Input Validation","","Denial of Service (DoS)","setting a PBKDF2 derived key with a remarkably high cost effort and then attempting a login to the so-modified account","attacker with the user profile access privilege","Desigo PXC3","All versions < V01.21.142.4-18",""
"7184","CVE-2022-24040","Improper Input Validation","","Denial of Service (DoS)","setting a PBKDF2 derived key with a remarkably high cost effort and then attempting a login to the so-modified account","attacker with the user profile access privilege","Desigo PXC4","All versions < V02.20.142.10-10884",""
"7185","CVE-2022-24040","Improper Input Validation","","Denial of Service (DoS)","setting a PBKDF2 derived key with a remarkably high cost effort and then attempting a login to the so-modified account","attacker with the user profile access privilege","Desigo PXC5","All versions < V02.20.142.10-10884",""
"7198","CVE-ID","ROOTCAUSE","WEAKNESS","IMPACT","VECTOR","ATTACKER","PRODUCT","VERSION","COMPONENT"
"7230","CVE-ID","ROOTCAUSE","WEAKNESS","IMPACT","VECTOR","ATTACKER","PRODUCT","VERSION","COMPONENT"
